{
  "id": "1789171",
  "name": "index",
  "font_family": "iconfont",
  "css_prefix_text": "icon",
  "description": "",
  "glyphs": [
    {
      "icon_id": "1687034",
      "name": "首页",
      "font_class": "ziyuan",
      "unicode": "e61f",
      "unicode_decimal": 58911
    },
    {
      "icon_id": "5360119",
      "name": "订单",
      "font_class": "dingdan",
      "unicode": "e62a",
      "unicode_decimal": 58922
    },
    {
      "icon_id": "1163334",
      "name": "搜索",
      "font_class": "search",
      "unicode": "e621",
      "unicode_decimal": 58913
    },
    {
      "icon_id": "5158708",
      "name": "美食",
      "font_class": "meishi",
      "unicode": "e612",
      "unicode_decimal": 58898
    },
    {
      "icon_id": "6227849",
      "name": "我的",
      "font_class": "wode",
      "unicode": "e619",
      "unicode_decimal": 58905
    }
  ]
}
